CREATE DATABASE  IF NOT EXISTS `heroku_36fd861121e3af5` /*!40100 DEFAULT CHARACTER SET utf8 */;
USE `heroku_36fd861121e3af5`;
-- MySQL dump 10.13  Distrib 8.0.28, for Win64 (x86_64)
--
-- Host: us-cdbr-east-04.cleardb.com    Database: heroku_36fd861121e3af5
-- ------------------------------------------------------
-- Server version	5.6.50-log

/*!40101 SET @OLD_CHARACTER_SET_CLIENT=@@CHARACTER_SET_CLIENT */;
/*!40101 SET @OLD_CHARACTER_SET_RESULTS=@@CHARACTER_SET_RESULTS */;
/*!40101 SET @OLD_COLLATION_CONNECTION=@@COLLATION_CONNECTION */;
/*!50503 SET NAMES utf8 */;
/*!40103 SET @OLD_TIME_ZONE=@@TIME_ZONE */;
/*!40103 SET TIME_ZONE='+00:00' */;
/*!40014 SET @OLD_UNIQUE_CHECKS=@@UNIQUE_CHECKS, UNIQUE_CHECKS=0 */;
/*!40014 SET @OLD_FOREIGN_KEY_CHECKS=@@FOREIGN_KEY_CHECKS, FOREIGN_KEY_CHECKS=0 */;
/*!40101 SET @OLD_SQL_MODE=@@SQL_MODE, SQL_MODE='NO_AUTO_VALUE_ON_ZERO' */;
/*!40111 SET @OLD_SQL_NOTES=@@SQL_NOTES, SQL_NOTES=0 */;

--
-- Table structure for table `check_in_statement`
--

DROP TABLE IF EXISTS `check_in_statement`;
/*!40101 SET @saved_cs_client     = @@character_set_client */;
/*!50503 SET character_set_client = utf8mb4 */;
CREATE TABLE `check_in_statement` (
  `state_id` int(11) NOT NULL AUTO_INCREMENT,
  `state_codename` varchar(255) NOT NULL,
  `std_id` int(11) NOT NULL,
  `display_name` varchar(255) NOT NULL,
  `ip` varchar(255) DEFAULT NULL,
  `time` varchar(255) NOT NULL,
  `result` varchar(255) NOT NULL,
  `date_access` date NOT NULL,
  PRIMARY KEY (`state_id`),
  KEY `std_id` (`std_id`)
) ENGINE=InnoDB AUTO_INCREMENT=3776 DEFAULT CHARSET=utf8mb4;
/*!40101 SET character_set_client = @saved_cs_client */;

--
-- Dumping data for table `check_in_statement`
--

LOCK TABLES `check_in_statement` WRITE;
/*!40000 ALTER TABLE `check_in_statement` DISABLE KEYS */;
INSERT INTO `check_in_statement` VALUES (1345,'030722-23',19871,'กัน(21)',NULL,'21:54','สาย','2022-07-03'),(1355,'030722-65',20771,'K.',NULL,'22:29','สาย','2022-07-03'),(1365,'030722-23',19874,'กัล',NULL,'22:32','สาย','2022-07-03'),(1375,'040722-35',20019,'Gems',NULL,'07:51','/','2022-07-04'),(1385,'040722-35',20037,'Gong',NULL,'07:51','/','2022-07-04'),(1395,'040722-35',19912,'win',NULL,'07:51','/','2022-07-04'),(1405,'040722-35',20092,'Cream',NULL,'07:51','/','2022-07-04'),(1415,'040722-35',19931,'Peach',NULL,'07:51','/','2022-07-04'),(1425,'040722-35',20041,'Poon',NULL,'07:51','/','2022-07-04'),(1435,'040722-35',20184,'Matrix',NULL,'07:51','/','2022-07-04'),(1445,'040722-35',19910,'Praemai',NULL,'07:51','/','2022-07-04'),(1455,'040722-35',20201,'อิสรีย์',NULL,'07:51','/','2022-07-04'),(1465,'040722-35',19990,'Karn',NULL,'07:51','/','2022-07-04'),(1475,'040722-35',20026,'Jenna',NULL,'07:51','/','2022-07-04'),(1485,'040722-35',20771,'Kamlai',NULL,'07:51','/','2022-07-04'),(1495,'040722-35',19897,'Pang',NULL,'07:52','/','2022-07-04'),(1505,'040722-35',19890,'Boon',NULL,'07:52','/','2022-07-04'),(1515,'040722-35',19888,'Pun Pun',NULL,'07:52','/','2022-07-04'),(1525,'040722-35',20087,'Putter',NULL,'07:52','/','2022-07-04'),(1535,'040722-35',20044,'Cheraim',NULL,'07:52','/','2022-07-04'),(1545,'040722-35',20148,'pynn(ศุภิชฎา)',NULL,'07:52','/','2022-07-04'),(1555,'040722-35',19948,'Program',NULL,'07:52','/','2022-07-04'),(1565,'040722-35',19957,'Prem',NULL,'07:52','/','2022-07-04'),(1575,'040722-35',20121,'Latte',NULL,'07:52','/','2022-07-04'),(1585,'040722-35',19926,'Mine',NULL,'07:52','/','2022-07-04'),(1595,'040722-35',19874,'Jay',NULL,'07:52','/','2022-07-04'),(1605,'040722-35',20177,'Aor',NULL,'07:52','/','2022-07-04'),(1615,'040722-35',20188,'Enfant (อริสรา)',NULL,'07:53','/','2022-07-04'),(1625,'040722-35',20160,'Sirawit',NULL,'07:53','/','2022-07-04'),(1635,'040722-35',19984,'Tete (ธฤษณัช)',NULL,'07:53','/','2022-07-04'),(1645,'040722-35',20052,'Preme(พรีมาดา)',NULL,'07:53','/','2022-07-04'),(1655,'040722-35',19949,'Natrada',NULL,'07:53','/','2022-07-04'),(1665,'040722-35',20012,'Bell ( ปณาลี )',NULL,'07:53','/','2022-07-04'),(1675,'040722-35',20000,'Nalin',NULL,'07:53','/','2022-07-04'),(1685,'040722-35',20070,'Proudly',NULL,'07:53','/','2022-07-04'),(1695,'040722-35',20033,'Non',NULL,'07:54','/','2022-07-04'),(1705,'040722-35',20016,'Nano(ปภาวิชญ์)',NULL,'07:54','/','2022-07-04'),(1715,'040722-35',19906,'ชญานิษฐ์',NULL,'07:54','/','2022-07-04'),(1725,'040722-35',20006,'Sarah(23)',NULL,'07:54','/','2022-07-04'),(1735,'040722-35',19920,'Cherry',NULL,'07:54','/','2022-07-04'),(1745,'040722-35',20276,'Vespa',NULL,'07:54','/','2022-07-04'),(1755,'040722-35',19935,'14',NULL,'07:54','/','2022-07-04'),(1765,'040722-35',20079,'Max',NULL,'07:54','/','2022-07-04'),(1775,'040722-35',20022,'Prin( ปินปิน )',NULL,'07:54','/','2022-07-04'),(1785,'040722-35',19974,'Nat(18)',NULL,'07:54','/','2022-07-04'),(1795,'040722-35',20013,'Munich',NULL,'07:55','/','2022-07-04'),(1805,'040722-35',19987,'Punch',NULL,'07:55','/','2022-07-04'),(1815,'040722-35',20180,'Sen',NULL,'07:55','/','2022-07-04'),(1825,'040722-35',20132,'Mizzy',NULL,'07:56','/','2022-07-04'),(1835,'040722-35',19871,'Patrick',NULL,'07:57','/','2022-07-04'),(1845,'040722-35',19880,'Kijchunhakan',NULL,'08:00','/','2022-07-04'),(1855,'040722-35',20034,'Sky(ปัณณวิชญ์)',NULL,'08:04','/','2022-07-04'),(1865,'050722-73',19890,'Boon',NULL,'07:46','/','2022-07-05'),(1875,'050722-73',20033,'Non',NULL,'07:46','/','2022-07-05'),(1885,'050722-73',20276,'Vespa',NULL,'07:46','/','2022-07-05'),(1895,'050722-73',19948,'Program',NULL,'07:46','/','2022-07-05'),(1905,'050722-73',20026,'Jenna',NULL,'07:46','/','2022-07-05'),(1915,'050722-73',20092,'Cream',NULL,'07:46','/','2022-07-05'),(1925,'050722-73',19974,'Nat(18)',NULL,'07:46','/','2022-07-05'),(1935,'050722-73',19990,'Karn',NULL,'07:47','/','2022-07-05'),(1945,'050722-73',19906,'ชญานิษฐ์',NULL,'07:47','/','2022-07-05'),(1955,'050722-73',19926,'Mine',NULL,'07:47','/','2022-07-05'),(1965,'050722-73',19957,'Prem',NULL,'07:47','/','2022-07-05'),(1975,'050722-73',20070,'Proudly',NULL,'07:47','/','2022-07-05'),(1985,'050722-73',20012,'Bell',NULL,'07:47','/','2022-07-05'),(1995,'050722-73',20041,'Poon',NULL,'07:47','/','2022-07-05'),(2005,'050722-73',19888,'Pun Pun',NULL,'07:47','/','2022-07-05'),(2015,'050722-73',19931,'Peach',NULL,'07:47','/','2022-07-05'),(2025,'050722-73',19949,'Penguin(16)',NULL,'07:47','/','2022-07-05'),(2035,'050722-73',20087,'Putter(38)',NULL,'07:47','/','2022-07-05'),(2045,'050722-73',20000,'Nalin',NULL,'07:47','/','2022-07-05'),(2055,'050722-73',20013,'Munich(25)',NULL,'07:47','/','2022-07-05'),(2065,'050722-73',19920,'Cherry',NULL,'07:47','/','2022-07-05'),(2075,'050722-73',19910,'Praemai',NULL,'07:47','/','2022-07-05'),(2085,'050722-73',20037,'Gong(32)',NULL,'07:47','/','2022-07-05'),(2095,'050722-73',19897,'Pang',NULL,'07:47','/','2022-07-05'),(2105,'050722-73',19912,'Win',NULL,'07:47','/','2022-07-05'),(2115,'050722-73',20771,'Kamlai',NULL,'07:47','/','2022-07-05'),(2125,'050722-73',20006,'Sarah',NULL,'07:47','/','2022-07-05'),(2135,'050722-73',20177,'Aor ',NULL,'07:47','/','2022-07-05'),(2145,'050722-73',19987,'Punch',NULL,'07:47','/','2022-07-05'),(2155,'050722-73',20201,'Siree ',NULL,'07:47','/','2022-07-05'),(2165,'050722-73',20044,'Cheraim',NULL,'07:47','/','2022-07-05'),(2175,'050722-73',20180,'Sen',NULL,'07:47','/','2022-07-05'),(2185,'050722-73',20148,'pynn(ศุภิชฎา)',NULL,'07:47','/','2022-07-05'),(2195,'050722-73',19984,'Tete (ธฤษณัช)',NULL,'07:47','/','2022-07-05'),(2205,'050722-73',20184,'Matrix',NULL,'07:48','/','2022-07-05'),(2215,'050722-73',20160,'Thank',NULL,'07:48','/','2022-07-05'),(2225,'050722-73',20022,'Pinpin ( 28 )',NULL,'07:48','/','2022-07-05'),(2235,'050722-73',19935,'เยลลี่',NULL,'07:48','/','2022-07-05'),(2245,'050722-73',19929,'Khim',NULL,'07:48','/','2022-07-05'),(2255,'050722-73',20034,'Sky(ปัณณวิชญ์)',NULL,'07:48','/','2022-07-05'),(2265,'050722-73',20079,'Max',NULL,'07:48','/','2022-07-05'),(2275,'050722-73',20132,'Mizzy',NULL,'07:48','/','2022-07-05'),(2285,'050722-73',20121,'latte',NULL,'07:49','/','2022-07-05'),(2295,'050722-73',19880,'กิจชุณหกาญจน์',NULL,'07:49','/','2022-07-05'),(2305,'050722-73',20188,'Enfant',NULL,'07:51','/','2022-07-05'),(2315,'050722-73',20052,'Preme',NULL,'07:51','/','2022-07-05'),(2325,'050722-73',20016,'Nano(ปภาวิชญ์)',NULL,'07:51','/','2022-07-05'),(2335,'050722-73',20019,'Gems',NULL,'07:53','/','2022-07-05'),(2345,'060722-60',20052,'Preme',NULL,'07:50','/','2022-07-06'),(2355,'060722-60',20026,'Jenna',NULL,'07:50','/','2022-07-06'),(2365,'060722-60',19890,'Boon',NULL,'07:50','/','2022-07-06'),(2375,'060722-60',20079,'Max',NULL,'07:50','/','2022-07-06'),(2385,'060722-60',20177,'Aor',NULL,'07:50','/','2022-07-06'),(2395,'060722-60',19874,'Jay',NULL,'07:50','/','2022-07-06'),(2405,'060722-60',20121,'latte',NULL,'07:51','/','2022-07-06'),(2415,'060722-60',20092,'Cream',NULL,'07:51','/','2022-07-06'),(2425,'060722-60',20012,'Bell',NULL,'07:51','/','2022-07-06'),(2435,'060722-60',19926,'960470@SPass',NULL,'07:51','/','2022-07-06'),(2445,'060722-60',19948,'Program',NULL,'07:51','/','2022-07-06'),(2455,'060722-60',20184,'Matrix',NULL,'07:51','/','2022-07-06'),(2465,'060722-60',19949,'Penguin(16)',NULL,'07:51','/','2022-07-06'),(2475,'060722-60',19990,'Karn',NULL,'07:51','/','2022-07-06'),(2485,'060722-60',20006,'Sarah',NULL,'07:51','/','2022-07-06'),(2495,'060722-60',20041,'Poon',NULL,'07:51','/','2022-07-06'),(2505,'060722-60',20771,'Kamlai',NULL,'07:51','/','2022-07-06'),(2515,'060722-60',19931,'Peach',NULL,'07:51','/','2022-07-06'),(2525,'060722-60',20033,'Non',NULL,'07:51','/','2022-07-06'),(2535,'060722-60',20013,'Munich',NULL,'07:51','/','2022-07-06'),(2545,'060722-60',19888,'Pun Pun',NULL,'07:51','/','2022-07-06'),(2555,'060722-60',20000,'Nalin',NULL,'07:51','/','2022-07-06'),(2565,'060722-60',19929,'Khim 12',NULL,'07:51','/','2022-07-06'),(2575,'060722-60',20037,'Gong(32)',NULL,'07:51','/','2022-07-06'),(2585,'060722-60',19957,'Prem',NULL,'07:51','/','2022-07-06'),(2595,'060722-60',20160,'Thank ',NULL,'07:51','/','2022-07-06'),(2605,'060722-60',19987,'Punch',NULL,'07:51','/','2022-07-06'),(2615,'060722-60',20044,'Cheraim',NULL,'07:51','/','2022-07-06'),(2625,'060722-60',19897,'Pang',NULL,'07:51','/','2022-07-06'),(2635,'060722-60',20188,'Enfant',NULL,'07:51','/','2022-07-06'),(2645,'060722-60',19910,'Praemai',NULL,'07:51','/','2022-07-06'),(2655,'060722-60',20148,'pynn(ศุภิชฎา)',NULL,'07:51','/','2022-07-06'),(2665,'060722-60',20201,'Siree',NULL,'07:51','/','2022-07-06'),(2675,'060722-60',19974,'Nat',NULL,'07:51','/','2022-07-06'),(2685,'060722-60',19984,'Tete (ธฤษณัช)',NULL,'07:51','/','2022-07-06'),(2695,'060722-60',20019,'Gems',NULL,'07:52','/','2022-07-06'),(2705,'060722-60',20034,'Sky(ปัณณวิชญ์)',NULL,'07:52','/','2022-07-06'),(2715,'060722-60',20132,'Mizzy',NULL,'07:52','/','2022-07-06'),(2725,'060722-60',20070,'Proudly',NULL,'07:53','/','2022-07-06'),(2735,'060722-60',20016,'NANO',NULL,'07:53','/','2022-07-06'),(2745,'060722-60',19912,'Win',NULL,'07:53','/','2022-07-06'),(2755,'060722-60',20276,'Vespa',NULL,'07:54','/','2022-07-06'),(2765,'060722-60',20180,'Sen',NULL,'07:55','/','2022-07-06'),(2775,'060722-60',20022,'Pinpin (ปริญ )',NULL,'07:55','/','2022-07-06'),(2785,'060722-60',19906,'Auangaoey',NULL,'07:56','/','2022-07-06'),(2795,'060722-60',19935,'ณัฏฐณิชา',NULL,'07:56','/','2022-07-06'),(2805,'060722-60',19920,'Cherry',NULL,'07:56','/','2022-07-06'),(2815,'110722-0',20052,'หมูกรอบ',NULL,'08:32','สาย','2022-07-11'),(2825,'110722-0',20012,'แฮชบราวน์',NULL,'08:32','สาย','2022-07-11'),(2835,'110722-0',20177,'ข้าวผัด',NULL,'08:32','สาย','2022-07-11'),(2845,'110722-0',20092,'จับแช',NULL,'08:33','สาย','2022-07-11'),(2855,'110722-0',19920,'ผัดไทย',NULL,'08:33','สาย','2022-07-11'),(2865,'110722-0',19890,'ข้าว',NULL,'08:33','สาย','2022-07-11'),(2875,'110722-0',19910,'ก๋วยเตี๋ยว',NULL,'08:33','สาย','2022-07-11'),(2885,'110722-0',19926,'ส้มตำปูปลาร้า',NULL,'08:33','สาย','2022-07-11'),(2895,'110722-0',19874,'มาม่า',NULL,'08:33','สาย','2022-07-11'),(2905,'110722-0',19957,'ข้าว',NULL,'08:33','สาย','2022-07-11'),(2915,'110722-0',19948,'ข้าวทุกจาน อาหารทุกอย่าง ล้วนมีคุณค่า เด็กตาดำดำ',NULL,'08:33','สาย','2022-07-11'),(2925,'110722-0',19931,'ข้าวไข่ข้น',NULL,'08:33','สาย','2022-07-11'),(2935,'110722-0',20026,'ข้าวไข่เจียว',NULL,'08:33','สาย','2022-07-11'),(2945,'110722-0',19974,'สปาเก็ตตี้',NULL,'08:33','สาย','2022-07-11'),(2955,'110722-0',19871,'กระเพราไก่ใส่เป็ด เอาเผ็ดๆไม่ใส่พริก',NULL,'08:33','สาย','2022-07-11'),(2965,'110722-0',20771,'มาม่าต้มยำกุ้งนำ้ข้น',NULL,'08:33','สาย','2022-07-11'),(2975,'110722-0',20006,'ข้าวผัด',NULL,'08:33','สาย','2022-07-11'),(2985,'110722-0',20160,'ราดหน้า',NULL,'08:33','สาย','2022-07-11'),(2995,'110722-0',19906,'ข้าวไข่เจียว',NULL,'08:33','สาย','2022-07-11'),(3005,'110722-0',20070,'ขนม',NULL,'08:33','สาย','2022-07-11'),(3015,'110722-0',20019,'ข้าวหน้าเเซลมอน',NULL,'08:33','สาย','2022-07-11'),(3025,'110722-0',19888,'ข้าวปลาแซลม่อนย่างราดซอสเทอริยากิ',NULL,'08:34','สาย','2022-07-11'),(3035,'110722-0',19912,'กระเพาไก่ใส่เป็ดเผ็ดๆไม่ใส่พริก',NULL,'08:34','สาย','2022-07-11'),(3045,'110722-0',20188,'ข้าวผัด',NULL,'08:34','สาย','2022-07-11'),(3055,'110722-0',20037,'คะน้าหมูกรอบ',NULL,'08:34','สาย','2022-07-11'),(3065,'110722-0',19897,'ก๋วยเตี๋ยวเรือ',NULL,'08:34','สาย','2022-07-11'),(3075,'110722-0',19990,'ข้าวหน้าเป็ด',NULL,'08:34','สาย','2022-07-11'),(3085,'110722-0',20087,'็ก๋วยเตี๋ยวเส้นเล็กเนื้อตุ๋น',NULL,'08:34','สาย','2022-07-11'),(3095,'110722-0',20034,'ปัณณวิชญ์ ซูชิ',NULL,'08:34','สาย','2022-07-11'),(3105,'110722-0',20184,'ข้าวผัดหมู (หมูเยอรมัน)',NULL,'08:34','สาย','2022-07-11'),(3115,'110722-0',20121,'สเต็กหมู ',NULL,'08:34','สาย','2022-07-11'),(3125,'110722-0',19929,'มาม่า',NULL,'08:34','สาย','2022-07-11'),(3135,'110722-0',20013,'ไข่ดาว',NULL,'08:34','สาย','2022-07-11'),(3145,'110722-0',20132,'กะเพราไก่',NULL,'08:34','สาย','2022-07-11'),(3155,'110722-0',20041,'ข้าวต้มปลา',NULL,'08:34','สาย','2022-07-11'),(3165,'110722-0',20044,'บะหมี่',NULL,'08:35','สาย','2022-07-11'),(3175,'110722-0',19880,'ราดหน้าทะเลรวมไม่ใส่ผักไม่เผ็ดใส่กุ้ง 5 ตัว หมึก 2 พิเศษใส่เส้น ',NULL,'08:35','สาย','2022-07-11'),(3185,'110722-0',20000,'ข้าวผัด',NULL,'08:35','สาย','2022-07-11'),(3195,'110722-0',19949,'กระเพราไก่ที่ขอเปลี่ยนไก่เป็นหมูไม่ใส่ใบกระเพรา',NULL,'08:35','สาย','2022-07-11'),(3205,'110722-0',20276,'ผัดฉ่า',NULL,'08:35','สาย','2022-07-11'),(3215,'110722-0',20180,'อุด้งเนื้อ',NULL,'08:35','สาย','2022-07-11'),(3225,'110722-0',20022,'ผัดซีอิ๊ว',NULL,'08:35','สาย','2022-07-11'),(3235,'110722-0',20079,'ข้าวกระเพราไก่เผ็ดๆไม่ใส่ไก่ไม่ใส่ข้าวไม่ใส่พริกใส่แค่กระเทียม',NULL,'08:35','สาย','2022-07-11'),(3245,'110722-0',20201,'ข้าวผัด',NULL,'08:35','สาย','2022-07-11'),(3255,'110722-0',20148,'ไข่เจียว',NULL,'08:36','สาย','2022-07-11'),(3265,'110722-0',19987,'ข้าวผัด',NULL,'08:36','สาย','2022-07-11'),(3275,'110722-0',19984,' ผัดกะเพรา (ธฤษณัช)',NULL,'08:37','สาย','2022-07-11'),(3285,'110722-0',19935,'เเตงโมปั่น',NULL,'08:41','สาย','2022-07-11'),(3295,'010822-98',19949,'บิงซู',NULL,'08:36','สาย','2022-08-01'),(3305,'010822-98',19890,'ข้าว',NULL,'08:36','สาย','2022-08-01'),(3315,'010822-98',19906,'มาม่า',NULL,'08:36','สาย','2022-08-01'),(3325,'010822-98',19926,'ส้มตำ',NULL,'08:36','สาย','2022-08-01'),(3335,'010822-98',20012,'แฮชบราวน์',NULL,'08:36','สาย','2022-08-01'),(3345,'010822-98',20079,'ไม่รู้ครับ',NULL,'08:36','สาย','2022-08-01'),(3355,'010822-98',19920,'หมูปิ้ง',NULL,'08:36','สาย','2022-08-01'),(3365,'010822-98',20070,'หนังสือ',NULL,'08:36','สาย','2022-08-01'),(3375,'010822-98',20026,'สปาเกตตี',NULL,'08:36','สาย','2022-08-01'),(3385,'010822-98',19888,'ข้าวปลาแซลม่อนย่างราดซอสเทอริยากิ',NULL,'08:36','สาย','2022-08-01'),(3395,'010822-98',19935,'อุด้งหมู',NULL,'08:36','สาย','2022-08-01'),(3405,'010822-98',20148,'เเกงจืดไข่นำ้',NULL,'08:36','สาย','2022-08-01'),(3415,'010822-98',19912,'กินข้าว',NULL,'08:36','สาย','2022-08-01'),(3425,'010822-98',20092,'สปาเกตตี',NULL,'08:36','สาย','2022-08-01'),(3435,'010822-98',20022,'ข้าวไข่เจียว',NULL,'08:37','สาย','2022-08-01'),(3445,'010822-98',20180,'ไข่ตุ๋น',NULL,'08:37','สาย','2022-08-01'),(3455,'010822-98',19974,'สปาเก็ตตี',NULL,'08:37','สาย','2022-08-01'),(3465,'010822-98',19957,'ข้าวก็ได้',NULL,'08:37','สาย','2022-08-01'),(3475,'010822-98',20087,'waffle',NULL,'08:37','สาย','2022-08-01'),(3485,'010822-98',20037,'คะน้าหมูกรอบ',NULL,'08:37','สาย','2022-08-01'),(3495,'010822-98',19931,'ไก่ทอด',NULL,'08:37','สาย','2022-08-01'),(3505,'010822-98',19910,'ชูครีม',NULL,'08:37','สาย','2022-08-01'),(3515,'010822-98',19929,'มาม่า',NULL,'08:37','สาย','2022-08-01'),(3525,'010822-98',19990,'ยำปลากระป๋อง',NULL,'08:37','สาย','2022-08-01'),(3535,'010822-98',19948,'ขอเซ็ทหย่อ สู่ต่อ ซูดผ่อ ซีหม่อ สองห่อใส่ไข่',NULL,'08:37','สาย','2022-08-01'),(3545,'010822-98',20201,'ข้าวผัด',NULL,'08:37','สาย','2022-08-01'),(3555,'010822-98',20771,'ไก่ย่าง/ไก่ทอด ส้มตำ',NULL,'08:37','สาย','2022-08-01'),(3565,'010822-98',20052,'แซลมอน',NULL,'08:37','สาย','2022-08-01'),(3575,'010822-98',19880,'ผัดไทยพิเศษใส่ไข่เพิ่มถั่วงอกใส่กุ้ง5ตัวไม่ใส่ผัก',NULL,'08:37','สาย','2022-08-01'),(3585,'010822-98',20188,'สปาเก็ตตี้',NULL,'08:37','สาย','2022-08-01'),(3595,'010822-98',20041,'ข้าวขาหมู',NULL,'08:37','สาย','2022-08-01'),(3605,'010822-98',20006,'ข้าวผัด',NULL,'08:37','สาย','2022-08-01'),(3615,'010822-98',20000,'ข้าวผัด',NULL,'08:37','สาย','2022-08-01'),(3625,'010822-98',20184,'เหมือนคนข้างๆ',NULL,'08:37','สาย','2022-08-01'),(3635,'010822-98',19871,'กระเพราะหมู ไม่ใส่ข้าวไม่ใส่หมู',NULL,'08:38','สาย','2022-08-01'),(3645,'010822-98',19874,'ฉู่ฉี่ปลา',NULL,'08:38','สาย','2022-08-01'),(3655,'010822-98',20160,'แซลมอนย่าง',NULL,'08:38','สาย','2022-08-01'),(3665,'010822-98',19987,'ข้าวผัด',NULL,'08:38','สาย','2022-08-01'),(3675,'010822-98',19897,'มาม่า',NULL,'08:38','สาย','2022-08-01'),(3685,'010822-98',19984,'ต้มแซ่บ(ธฤษณัช)',NULL,'08:38','สาย','2022-08-01'),(3695,'010822-98',20177,'ข้าว',NULL,'08:38','สาย','2022-08-01'),(3705,'010822-98',20034,'พิซซ่า(ปัณณวิชญ์)',NULL,'08:38','สาย','2022-08-01'),(3715,'010822-98',20132,'พะโล้',NULL,'08:38','สาย','2022-08-01'),(3725,'010822-98',20044,'ไอศกรีม',NULL,'08:38','สาย','2022-08-01'),(3735,'010822-98',20013,'ข้าวไข่ดาว',NULL,'08:38','สาย','2022-08-01'),(3745,'010822-98',20276,'ต้มยำ',NULL,'08:39','สาย','2022-08-01'),(3755,'010822-98',20121,'สเต็กหมู ',NULL,'08:40','สาย','2022-08-01'),(3765,'010822-98',20019,'none',NULL,'08:50','สาย','2022-08-01'),(3775,'131122-44',19871,'ไก่กระเทียม',NULL,'14:00','สาย','2022-11-13');
/*!40000 ALTER TABLE `check_in_statement` ENABLE KEYS */;
UNLOCK TABLES;

--
-- Table structure for table `student`
--

DROP TABLE IF EXISTS `student`;
/*!40101 SET @saved_cs_client     = @@character_set_client */;
/*!50503 SET character_set_client = utf8mb4 */;
CREATE TABLE `student` (
  `std_id` int(11) NOT NULL,
  `std_name` varchar(255) NOT NULL,
  `std_surname` varchar(255) NOT NULL,
  PRIMARY KEY (`std_id`)
) ENGINE=InnoDB DEFAULT CHARSET=utf8mb4;
/*!40101 SET character_set_client = @saved_cs_client */;

--
-- Dumping data for table `student`
--

LOCK TABLES `student` WRITE;
/*!40000 ALTER TABLE `student` DISABLE KEYS */;
INSERT INTO `student` VALUES (19871,'กันตพัฒน์','พึ่งอัตวุฒิถาวร'),(19874,'กัลยกร','วงศ์วิชยาภรณ์'),(19880,'กิจชุณหกาญจน์',' หงษ์สมบัติ'),(19888,'คณิศร','เปรมชัยพร'),(19890,'คุณัชญ์','สุวรรณอำพรชัย'),(19897,'จิตติรัตน์','นิรันตรัตน์'),(19906,'ชญานิษฐ์','เตชะภาสรนันทน์'),(19910,'ชลวลัช','มีนิจสิน'),(19912,'ชวิศ','กิจศักดาภาพ'),(19920,'ญาณิศา','อนงค์เลขา'),(19926,'ณธิดา','ลีละวงศ์'),(19929,'ณฤชล','พรเจริญกิจกุล'),(19931,'ณอร',' สิทธิกร'),(19935,'ณัฏฐณิชา','วงษ์โคเมท'),(19948,'ณัฐภัทร','สุภัทรบูรณ์'),(19949,'ณัฐรดา','อุณหคงคา'),(19957,'เตชิษ','ธนธรรมสุนทร'),(19974,'ธนัตถ์','บุศราวงศ์'),(19984,'ธฤษณัช','วรรณะพาหุณ'),(19987,'ธัญกมล','ลีนุเกียรติ์'),(19990,'ธันยกานต์','สันติวิภานนท์'),(20000,'นลินญา','นากอง'),(20006,'นันท์นภัส',' ฤกษ์ศุภผล'),(20012,'ปณาลี','รุจิขจรเดช'),(20013,'ปธานิน','เอี่ยมแจ้ง'),(20016,'ปภาวิชญ์','มะกรูดทอง'),(20019,'ปรรณพัชร์','เอื้อวุฒิเกริก'),(20022,'ปริญ','คูหาเปรมกิจ'),(20026,'ปรียากร','คงพิพิธ'),(20033,'ปัณณธร','ธนิกโชคกอบกุล'),(20034,'ปัณณวิชญ์','ตุลารักษ์'),(20037,'ปุญญพัฒน์','วงศ์สุรีย์'),(20041,'ปุณณวิช',' เจียวก๊ก'),(20044,'ไปรยา','ดีเลิศประชาคม'),(20052,'พรีมาดา','วุฒิชัยประดิษฐ์'),(20070,'พิชญธิดา','เลิศศิริวรกุล'),(20079,'พีรพัฒน์','เลี้ยงกอสกุล'),(20087,'ภทรกร','อุรุพงศา'),(20092,'ภัคปริม','วัชรานนท์'),(20121,'รัชชานนฑ์','แสนศรีมหาชัย'),(20132,'วสุ','มิดำ'),(20148,'ศุภิชฎา','สาครเย็น'),(20160,'สิรวิชญ์',' เพชรมุนี'),(20177,'อติกันต์','วงษ์ประดิษฐ์'),(20180,'อนรรฆ','เจษฎาอภิบาล'),(20184,'อมรพงศ์','พรหมศรีผ่อง'),(20188,'อริสรา','ตั้งพิมลรัตน์'),(20201,'อิสรีย์','มหากิจศิริ ลีโอณีโอ'),(20276,'ณภัทร','ชมโชค'),(20771,'กัญญนันทน์','จิระธนประเสริฐ');
/*!40000 ALTER TABLE `student` ENABLE KEYS */;
UNLOCK TABLES;

--
-- Table structure for table `teacher`
--

DROP TABLE IF EXISTS `teacher`;
/*!40101 SET @saved_cs_client     = @@character_set_client */;
/*!50503 SET character_set_client = utf8mb4 */;
CREATE TABLE `teacher` (
  `te_id` int(4) unsigned zerofill NOT NULL AUTO_INCREMENT,
  `te_username` varchar(255) NOT NULL,
  `te_pass` varchar(255) NOT NULL,
  `te_name` varchar(255) NOT NULL,
  PRIMARY KEY (`te_id`)
) ENGINE=InnoDB AUTO_INCREMENT=3 DEFAULT CHARSET=utf8mb4;
/*!40101 SET character_set_client = @saved_cs_client */;

--
-- Dumping data for table `teacher`
--

LOCK TABLES `teacher` WRITE;
/*!40000 ALTER TABLE `teacher` DISABLE KEYS */;
INSERT INTO `teacher` VALUES (0001,'admin','admin1234','CenterAdmin'),(0002,'noom954','noom1234','Noom_Sarun');
/*!40000 ALTER TABLE `teacher` ENABLE KEYS */;
UNLOCK TABLES;
/*!40103 SET TIME_ZONE=@OLD_TIME_ZONE */;

/*!40101 SET SQL_MODE=@OLD_SQL_MODE */;
/*!40014 SET FOREIGN_KEY_CHECKS=@OLD_FOREIGN_KEY_CHECKS */;
/*!40014 SET UNIQUE_CHECKS=@OLD_UNIQUE_CHECKS */;
/*!40101 SET CHARACTER_SET_CLIENT=@OLD_CHARACTER_SET_CLIENT */;
/*!40101 SET CHARACTER_SET_RESULTS=@OLD_CHARACTER_SET_RESULTS */;
/*!40101 SET COLLATION_CONNECTION=@OLD_COLLATION_CONNECTION */;
/*!40111 SET SQL_NOTES=@OLD_SQL_NOTES */;

-- Dump completed on 2022-12-22 21:23:50
